# cells -> N,Free group(N),Index in Free group(N),Parent index in Free group(N-1),# Child from Enumeration,# Child from Analysis,Face = 4N,Bridge,Shared_Face_2,Shared_Face_3,Shared_Face_4
1,1,0,4294967294,4,4,4,0,0,0,0
2,1,0,0,6,6,8,2,0,0,0
3,2,0,0,7,7,12,4,1,0,0
3,2,1,0,8,8,12,4,0,0,0
4,5,0,0,8,8,16,6,2,0,0
4,5,1,0,8,8,16,8,0,0,0
4,5,2,0,9,9,16,6,1,0,0
4,5,3,0,8,8,16,6,2,0,0
4,5,4,1,10,10,16,6,0,0,0
5,12,0,0,9,9,20,10,1,0,0
5,12,1,0,10,10,20,8,2,0,0
5,12,2,0,9,9,20,8,3,0,0
5,12,3,0,8,8,20,8,4,0,0
5,12,4,0,10,10,20,8,2,0,0
5,12,5,2,10,10,20,8,0,1,0
5,12,6,2,11,11,20,8,1,0,0
5,12,7,2,10,10,20,8,2,0,0
5,12,8,2,11,11,20,8,1,0,0
5,12,9,2,10,10,20,8,2,0,0
5,12,10,3,9,9,20,8,3,0,0
5,12,11,4,12,12,20,8,0,0,0
6,35,0,0,10,10,24,12,2,0,0
6,35,1,0,10,10,24,12,2,0,0
6,35,2,0,10,10,24,12,2,0,0
6,35,3,0,10,10,24,12,2,0,0
6,35,4,0,9,9,24,12,3,0,0
6,35,5,0,10,10,24,14,0,0,0
6,35,6,0,11,11,24,12,1,0,0
6,35,7,0,10,10,24,12,2,0,0
6,35,8,1,11,11,24,10,1,1,0
6,35,9,1,12,12,24,10,2,0,0
6,35,10,1,11,11,24,10,3,0,0
6,35,11,1,10,10,24,10,4,0,0
6,35,12,1,10,10,24,10,4,0,0
6,35,13,1,12,12,24,10,2,0,0
6,35,14,1,12,12,24,10,2,0,0
6,35,15,1,11,11,24,10,3,0,0
6,35,16,2,10,10,24,10,4,0,0
6,35,17,2,11,11,24,10,3,0,0
6,35,18,2,11,11,24,10,3,0,0
6,35,19,2,10,10,24,10,2,1,0
6,35,20,4,11,11,24,10,1,1,0
6,35,21,4,12,12,24,10,2,0,0
6,35,22,5,12,12,24,10,0,1,0
6,35,23,5,11,11,24,10,1,1,0
6,35,24,6,12,12,24,10,2,0,0
6,35,25,6,13,13,24,10,1,0,0
6,35,26,6,12,12,24,10,2,0,0
6,35,27,6,13,13,24,10,1,0,0
6,35,28,6,12,12,24,10,2,0,0
6,35,29,7,11,11,24,10,3,0,0
6,35,30,7,12,12,24,10,2,0,0
6,35,31,9,11,11,24,10,3,0,0
6,35,32,9,12,12,24,10,2,0,0
6,35,33,10,10,10,24,10,4,0,0
6,35,34,11,14,14,24,10,0,0,0
7,108,0,0,11,11,28,16,1,0,0
7,108,1,0,12,12,28,14,2,0,0
7,108,2,0,11,11,28,14,3,0,0
7,108,3,0,10,10,28,14,4,0,0
7,108,4,0,11,11,28,14,3,0,0
7,108,5,1,10,10,28,16,2,0,0
7,108,6,1,11,11,28,14,3,0,0
7,108,7,1,12,12,28,14,2,0,0
7,108,8,1,11,11,28,14,3,0,0
7,108,9,1,11,11,28,16,1,0,0
7,108,10,1,12,12,28,14,2,0,0
7,108,11,1,11,11,28,14,1,1,0
7,108,12,2,10,10,28,14,4,0,0
7,108,13,2,12,12,28,14,2,0,0
7,108,14,2,11,11,28,14,3,0,0
7,108,15,3,11,11,28,14,3,0,0
7,108,16,3,12,12,28,14,2,0,0
7,108,17,4,10,10,28,16,2,0,0
7,108,18,4,11,11,28,14,3,0,0
7,108,19,6,11,11,28,14,3,0,0
7,108,20,6,13,13,28,14,1,0,0
7,108,21,6,12,12,28,14,0,1,0
7,108,22,6,12,12,28,14,2,0,0
7,108,23,7,11,11,28,14,3,0,0
7,108,24,7,12,12,28,14,2,0,0
7,108,25,8,12,12,28,12,2,1,0
7,108,26,8,12,12,28,12,2,1,0
7,108,27,8,13,13,28,12,1,1,0
7,108,28,8,12,12,28,12,2,1,0
7,108,29,8,11,11,28,12,3,1,0
7,108,30,8,11,11,28,12,3,1,0
7,108,31,8,13,13,28,12,1,1,0
7,108,32,8,13,13,28,12,1,1,0
7,108,33,8,12,12,28,12,2,1,0
7,108,34,9,13,13,28,12,3,0,0
7,108,35,9,14,14,28,12,2,0,0
7,108,36,9,13,13,28,12,3,0,0
7,108,37,9,12,12,28,12,4,0,0
7,108,38,9,12,12,28,12,4,0,0
7,108,39,9,12,12,28,12,4,0,0
7,108,40,9,14,14,28,12,2,0,0
7,108,41,9,14,14,28,12,2,0,0
7,108,42,9,13,13,28,12,3,0,0
7,108,43,10,12,12,28,12,4,0,0
7,108,44,10,13,13,28,12,3,0,0
7,108,45,10,13,13,28,12,3,0,0
7,108,46,10,13,13,28,12,3,0,0
7,108,47,10,12,12,28,12,4,0,0
7,108,48,11,12,12,28,12,4,0,0
7,108,49,12,12,12,28,12,4,0,0
7,108,50,12,12,12,28,12,4,0,0
7,108,51,13,13,13,28,12,1,1,0
7,108,52,13,14,14,28,12,2,0,0
7,108,53,13,13,13,28,12,1,1,0
7,108,54,13,14,14,28,12,2,0,0
7,108,55,13,13,13,28,12,3,0,0
7,108,56,15,12,12,28,12,4,0,0
7,108,57,15,13,13,28,12,3,0,0
7,108,58,16,12,12,28,12,4,0,0
7,108,59,16,11,11,28,12,5,0,0
7,108,60,16,11,11,28,12,5,0,0
7,108,61,16,12,12,28,12,4,0,0
7,108,62,16,11,11,28,12,3,1,0
7,108,63,17,12,12,28,12,2,1,0
7,108,64,17,12,12,28,12,4,0,0
7,108,65,17,13,13,28,12,3,0,0
7,108,66,17,13,13,28,12,3,0,0
7,108,67,17,12,12,28,12,2,1,0
7,108,68,18,12,12,28,12,2,1,0
7,108,69,18,13,13,28,12,3,0,0
7,108,70,18,12,12,28,12,2,1,0
7,108,71,18,12,12,28,12,2,1,0
7,108,72,20,12,12,28,12,0,2,0
7,108,73,20,13,13,28,12,1,1,0
7,108,74,20,12,12,28,12,2,1,0
7,108,75,21,13,13,28,12,3,0,0
7,108,76,21,14,14,28,12,2,0,0
7,108,77,22,13,13,28,12,1,1,0
7,108,78,22,13,13,28,12,1,1,0
7,108,79,22,14,14,28,12,0,1,0
7,108,80,22,12,12,28,12,1,0,1
7,108,81,22,13,13,28,12,1,1,0
7,108,82,23,12,12,28,12,2,1,0
7,108,83,23,13,13,28,12,1,1,0
7,108,84,23,12,12,28,12,2,1,0
7,108,85,24,14,14,28,12,2,0,0
7,108,86,24,13,13,28,12,3,0,0
7,108,87,25,14,14,28,12,2,0,0
7,108,88,25,15,15,28,12,1,0,0
7,108,89,25,14,14,28,12,2,0,0
7,108,90,25,15,15,28,12,1,0,0
7,108,91,25,14,14,28,12,2,0,0
7,108,92,26,13,13,28,12,3,0,0
7,108,93,26,14,14,28,12,2,0,0
7,108,94,27,15,15,28,12,1,0,0
7,108,95,27,14,14,28,12,2,0,0
7,108,96,28,13,13,28,12,3,0,0
7,108,97,28,14,14,28,12,2,0,0
7,108,98,29,13,13,28,12,3,0,0
7,108,99,29,12,12,28,12,4,0,0
7,108,100,29,13,13,28,12,3,0,0
7,108,101,29,12,12,28,12,4,0,0
7,108,102,30,13,13,28,12,3,0,0
7,108,103,30,14,14,28,12,2,0,0
7,108,104,31,13,13,28,12,3,0,0
7,108,105,31,12,12,28,12,4,0,0
7,108,106,33,11,11,28,12,5,0,0
7,108,107,34,16,16,28,12,0,0,0
8,369,0,0,12,12,32,18,2,0,0
8,369,1,0,12,12,32,18,2,0,0
8,369,2,0,12,12,32,18,2,0,0
8,369,3,0,12,12,32,18,2,0,0
8,369,4,0,11,11,32,18,3,0,0
8,369,5,0,11,11,32,18,3,0,0
8,369,6,0,11,11,32,18,3,0,0
8,369,7,0,12,12,32,20,0,0,0
8,369,8,0,12,12,32,18,2,0,0
8,369,9,0,13,13,32,18,1,0,0
8,369,10,0,12,12,32,18,2,0,0
8,369,11,1,13,13,32,16,1,1,0
8,369,12,1,14,14,32,16,2,0,0
8,369,13,1,13,13,32,16,3,0,0
8,369,14,1,12,12,32,16,4,0,0
8,369,15,1,12,12,32,16,4,0,0
8,369,16,1,13,13,32,16,3,0,0
8,369,17,1,12,12,32,16,4,0,0
8,369,18,1,13,13,32,16,3,0,0
8,369,19,1,14,14,32,16,2,0,0
8,369,20,1,13,13,32,16,3,0,0
8,369,21,2,11,11,32,18,3,0,0
8,369,22,2,12,12,32,16,4,0,0
8,369,23,2,13,13,32,16,3,0,0
8,369,24,2,12,12,32,16,4,0,0
8,369,25,2,11,11,32,16,3,1,0
8,369,26,2,12,12,32,16,4,0,0
8,369,27,2,12,12,32,16,4,0,0
8,369,28,3,10,10,32,18,4,0,0
8,369,29,3,12,12,32,16,4,0,0
8,369,30,3,11,11,32,16,5,0,0
8,369,31,3,11,11,32,16,5,0,0
8,369,32,4,12,12,32,18,2,0,0
8,369,33,4,13,13,32,16,3,0,0
8,369,34,4,12,12,32,16,2,1,0
8,369,35,5,11,11,32,18,3,0,0
8,369,36,5,11,11,32,20,1,0,0
8,369,37,5,12,12,32,18,2,0,0
8,369,38,6,13,13,32,16,3,0,0
8,369,39,6,12,12,32,16,4,0,0
8,369,40,6,12,12,32,16,4,0,0
8,369,41,6,12,12,32,16,2,1,0
8,369,42,6,12,12,32,18,2,0,0
8,369,43,6,12,12,32,16,4,0,0
8,369,44,6,13,13,32,16,3,0,0
8,369,45,6,12,12,32,16,2,1,0
8,369,46,7,13,13,32,16,1,1,0
8,369,47,7,13,13,32,16,3,0,0
8,369,48,7,14,14,32,16,2,0,0
8,369,49,7,13,13,32,16,3,0,0
8,369,50,7,13,13,32,18,1,0,0
8,369,51,7,13,13,32,16,3,0,0
8,369,52,7,14,14,32,16,2,0,0
8,369,53,7,13,13,32,16,1,1,0
8,369,54,8,12,12,32,16,4,0,0
8,369,55,8,13,13,32,16,3,0,0
8,369,56,8,12,12,32,16,2,1,0
8,369,57,9,12,12,32,18,0,1,0
8,369,58,9,12,12,32,18,2,0,0
8,369,59,10,12,12,32,16,2,1,0
8,369,60,10,14,14,32,16,2,0,0
8,369,61,10,13,13,32,16,1,1,0
8,369,62,10,13,13,32,16,3,0,0
8,369,63,11,12,12,32,16,2,1,0
8,369,64,11,13,13,32,16,1,1,0
8,369,65,12,11,11,32,18,3,0,0
8,369,66,12,12,12,32,16,4,0,0
8,369,67,12,12,12,32,16,4,0,0
8,369,68,12,10,10,32,16,6,0,0
8,369,69,12,12,12,32,16,4,0,0
8,369,70,12,11,11,32,16,5,0,0
8,369,71,13,12,12,32,16,4,0,0
8,369,72,13,13,13,32,16,1,1,0
8,369,73,13,14,14,32,16,2,0,0
8,369,74,13,13,13,32,16,3,0,0
8,369,75,13,14,14,32,16,2,0,0
8,369,76,13,13,13,32,16,3,0,0
8,369,77,14,12,12,32,16,4,0,0
8,369,78,14,13,13,32,16,3,0,0
8,369,79,14,12,12,32,16,4,0,0
8,369,80,15,12,12,32,16,4,0,0
8,369,81,15,13,13,32,16,3,0,0
8,369,82,15,12,12,32,16,4,0,0
8,369,83,15,13,13,32,16,3,0,0
8,369,84,15,12,12,32,16,4,0,0
8,369,85,16,13,13,32,16,3,0,0
8,369,86,16,14,14,32,16,2,0,0
8,369,87,16,13,13,32,16,1,1,0
8,369,88,16,14,14,32,16,2,0,0
8,369,89,18,12,12,32,16,2,1,0
8,369,90,18,12,12,32,16,2,1,0
8,369,91,18,13,13,32,16,3,0,0
8,369,92,18,13,13,32,16,3,0,0
8,369,93,19,12,12,32,18,2,0,0
8,369,94,19,13,13,32,16,3,0,0
8,369,95,19,13,13,32,16,3,0,0
8,369,96,19,12,12,32,16,2,1,0
8,369,97,20,13,13,32,16,1,1,0
8,369,98,20,13,13,32,16,3,0,0
8,369,99,20,15,15,32,16,1,0,0
8,369,100,20,14,14,32,16,2,0,0
8,369,101,20,14,14,32,16,2,0,0
8,369,102,21,13,13,32,16,1,1,0
8,369,103,21,13,13,32,16,1,1,0
8,369,104,21,14,14,32,16,0,1,0
8,369,105,22,13,13,32,16,3,0,0
8,369,106,22,14,14,32,16,2,0,0
8,369,107,23,12,12,32,16,4,0,0
8,369,108,23,13,13,32,16,3,0,0
8,369,109,23,12,12,32,16,4,0,0
8,369,110,24,13,13,32,16,3,0,0
8,369,111,24,13,13,32,16,1,1,0
8,369,112,24,14,14,32,16,2,0,0
8,369,113,25,14,14,32,14,2,1,0
8,369,114,25,13,13,32,14,3,1,0
8,369,115,25,12,12,32,14,4,1,0
8,369,116,25,14,14,32,14,2,1,0
8,369,117,25,12,12,32,14,4,1,0
8,369,118,26,13,13,32,14,3,1,0
8,369,119,26,14,14,32,14,2,1,0
8,369,120,26,14,14,32,14,2,1,0
8,369,121,26,13,13,32,14,3,1,0
8,369,122,26,12,12,32,14,2,2,0
8,369,123,26,14,14,32,14,2,1,0
8,369,124,26,14,14,32,14,2,1,0
8,369,125,26,13,13,32,14,3,1,0
8,369,126,27,13,13,32,14,3,1,0
8,369,127,27,13,13,32,14,2,0,1
8,369,128,27,15,15,32,14,1,1,0
8,369,129,27,14,14,32,14,2,1,0
8,369,130,27,13,13,32,14,3,1,0
8,369,131,27,13,13,32,14,3,1,0
8,369,132,27,14,14,32,14,2,1,0
8,369,133,27,15,15,32,14,1,1,0
8,369,134,27,14,14,32,14,2,1,0
8,369,135,28,13,13,32,14,3,1,0
8,369,136,28,14,14,32,14,2,1,0
8,369,137,28,12,12,32,14,4,1,0
8,369,138,28,12,12,32,14,4,1,0
8,369,139,28,14,14,32,14,2,1,0
8,369,140,28,14,14,32,14,2,1,0
8,369,141,28,13,13,32,14,3,1,0
8,369,142,29,13,13,32,14,3,1,0
8,369,143,29,13,13,32,14,3,1,0
8,369,144,29,13,13,32,14,3,1,0
8,369,145,29,12,12,32,14,2,2,0
8,369,146,30,13,13,32,14,3,1,0
8,369,147,30,13,13,32,14,3,1,0
8,369,148,30,13,13,32,14,3,1,0
8,369,149,31,14,14,32,14,0,2,0
8,369,150,31,15,15,32,14,1,1,0
8,369,151,31,13,13,32,14,2,0,1
8,369,152,31,15,15,32,14,1,1,0
8,369,153,31,14,14,32,14,2,1,0
8,369,154,32,13,13,32,14,3,1,0
8,369,155,32,15,15,32,14,1,1,0
8,369,156,32,14,14,32,14,0,2,0
8,369,157,32,14,14,32,14,2,1,0
8,369,158,33,13,13,32,14,3,1,0
8,369,159,33,14,14,32,14,2,1,0
8,369,160,34,14,14,32,14,4,0,0
8,369,161,34,14,14,32,14,4,0,0
8,369,162,34,15,15,32,14,3,0,0
8,369,163,34,14,14,32,14,4,0,0
8,369,164,34,13,13,32,14,5,0,0
8,369,165,34,13,13,32,14,5,0,0
8,369,166,34,13,13,32,14,5,0,0
8,369,167,34,15,15,32,14,3,0,0
8,369,168,34,15,15,32,14,3,0,0
8,369,169,34,14,14,32,14,4,0,0
8,369,170,35,15,15,32,14,3,0,0
8,369,171,35,16,16,32,14,2,0,0
8,369,172,35,15,15,32,14,3,0,0
8,369,173,35,14,14,32,14,4,0,0
8,369,174,35,14,14,32,14,4,0,0
8,369,175,35,14,14,32,14,4,0,0
8,369,176,35,14,14,32,14,4,0,0
8,369,177,35,16,16,32,14,2,0,0
8,369,178,35,16,16,32,14,2,0,0
8,369,179,35,15,15,32,14,3,0,0
8,369,180,36,14,14,32,14,4,0,0
8,369,181,36,15,15,32,14,3,0,0
8,369,182,36,15,15,32,14,3,0,0
8,369,183,36,15,15,32,14,3,0,0
8,369,184,36,14,14,32,14,4,0,0
8,369,185,37,14,14,32,14,4,0,0
8,369,186,38,14,14,32,14,4,0,0
8,369,187,38,14,14,32,14,4,0,0
8,369,188,38,14,14,32,14,4,0,0
8,369,189,39,14,14,32,14,4,0,0
8,369,190,39,14,14,32,14,4,0,0
8,369,191,40,15,15,32,14,1,1,0
8,369,192,40,16,16,32,14,2,0,0
8,369,193,40,15,15,32,14,1,1,0
8,369,194,40,16,16,32,14,2,0,0
8,369,195,40,15,15,32,14,3,0,0
8,369,196,41,16,16,32,14,2,0,0
8,369,197,41,15,15,32,14,3,0,0
8,369,198,42,14,14,32,14,4,0,0
8,369,199,42,15,15,32,14,3,0,0
8,369,200,43,14,14,32,14,4,0,0
8,369,201,43,13,13,32,14,5,0,0
8,369,202,43,13,13,32,14,5,0,0
8,369,203,43,14,14,32,14,4,0,0
8,369,204,43,14,14,32,14,4,0,0
8,369,205,43,13,13,32,14,5,0,0
8,369,206,44,14,14,32,14,2,1,0
8,369,207,44,14,14,32,14,4,0,0
8,369,208,44,15,15,32,14,3,0,0
8,369,209,44,15,15,32,14,3,0,0
8,369,210,44,15,15,32,14,3,0,0
8,369,211,44,14,14,32,14,4,0,0
8,369,212,45,14,14,32,14,2,1,0
8,369,213,45,15,15,32,14,3,0,0
8,369,214,45,14,14,32,14,2,1,0
8,369,215,45,15,15,32,14,3,0,0
8,369,216,45,14,14,32,14,4,0,0
8,369,217,46,14,14,32,14,4,0,0
8,369,218,47,13,13,32,14,5,0,0
8,369,219,47,14,14,32,14,4,0,0
8,369,220,48,13,13,32,14,3,1,0
8,369,221,48,13,13,32,14,3,1,0
8,369,222,48,14,14,32,14,4,0,0
8,369,223,48,14,14,32,14,4,0,0
8,369,224,49,14,14,32,14,4,0,0
8,369,225,51,14,14,32,14,0,2,0
8,369,226,51,15,15,32,14,1,1,0
8,369,227,51,14,14,32,14,2,1,0
8,369,228,51,15,15,32,14,1,1,0
8,369,229,51,14,14,32,14,2,1,0
8,369,230,52,15,15,32,14,3,0,0
8,369,231,52,16,16,32,14,2,0,0
8,369,232,52,15,15,32,14,3,0,0
8,369,233,52,16,16,32,14,2,0,0
8,369,234,52,15,15,32,14,3,0,0
8,369,235,53,14,14,32,14,2,1,0
8,369,236,53,14,14,32,14,2,1,0
8,369,237,53,14,14,32,14,2,1,0
8,369,238,55,14,14,32,14,4,0,0
8,369,239,55,15,15,32,14,3,0,0
8,369,240,56,13,13,32,14,5,0,0
8,369,241,56,14,14,32,14,4,0,0
8,369,242,56,13,13,32,14,5,0,0
8,369,243,57,14,14,32,14,4,0,0
8,369,244,57,14,14,32,14,2,1,0
8,369,245,57,15,15,32,14,3,0,0
8,369,246,58,13,13,32,14,3,1,0
8,369,247,58,14,14,32,14,4,0,0
8,369,248,58,13,13,32,14,5,0,0
8,369,249,58,12,12,32,14,6,0,0
8,369,250,58,13,13,32,14,5,0,0
8,369,251,58,14,14,32,14,4,0,0
8,369,252,58,13,13,32,14,3,1,0
8,369,253,59,12,12,32,14,6,0,0
8,369,254,59,13,13,32,14,5,0,0
8,369,255,59,13,13,32,14,5,0,0
8,369,256,59,12,12,32,14,4,1,0
8,369,257,60,12,12,32,14,4,1,0
8,369,258,61,13,13,32,14,3,1,0
8,369,259,61,14,14,32,14,4,0,0
8,369,260,61,13,13,32,14,3,1,0
8,369,261,61,13,13,32,14,3,1,0
8,369,262,62,12,12,32,14,4,1,0
8,369,263,62,13,13,32,14,3,1,0
8,369,264,63,13,13,32,14,3,1,0
8,369,265,63,13,13,32,14,3,1,0
8,369,266,63,13,13,32,14,3,1,0
8,369,267,63,14,14,32,14,2,1,0
8,369,268,63,12,12,32,14,3,0,1
8,369,269,64,14,14,32,14,4,0,0
8,369,270,64,13,13,32,14,5,0,0
8,369,271,64,14,14,32,14,4,0,0
8,369,272,64,13,13,32,14,3,1,0
8,369,273,65,14,14,32,14,4,0,0
8,369,274,65,14,14,32,14,4,0,0
8,369,275,65,15,15,32,14,3,0,0
8,369,276,65,15,15,32,14,3,0,0
8,369,277,65,14,14,32,14,2,1,0
8,369,278,66,14,14,32,14,2,1,0
8,369,279,66,15,15,32,14,3,0,0
8,369,280,66,14,14,32,14,2,1,0
8,369,281,66,14,14,32,14,2,1,0
8,369,282,67,13,13,32,14,3,1,0
8,369,283,68,13,13,32,14,1,2,0
8,369,284,68,13,13,32,14,1,2,0
8,369,285,68,14,14,32,14,2,1,0
8,369,286,68,13,13,32,14,3,1,0
8,369,287,69,14,14,32,14,4,0,0
8,369,288,69,15,15,32,14,3,0,0
8,369,289,69,14,14,32,14,4,0,0
8,369,290,69,14,14,32,14,2,1,0
8,369,291,70,13,13,32,14,3,1,0
8,369,292,70,14,14,32,14,2,1,0
8,369,293,73,15,15,32,14,1,1,0
8,369,294,73,14,14,32,14,2,1,0
8,369,295,73,13,13,32,14,2,0,1
8,369,296,74,13,13,32,14,3,1,0
8,369,297,74,14,14,32,14,2,1,0
8,369,298,75,14,14,32,14,4,0,0
8,369,299,75,15,15,32,14,3,0,0
8,369,300,75,14,14,32,14,4,0,0
8,369,301,76,15,15,32,14,3,0,0
8,369,302,76,16,16,32,14,2,0,0
8,369,303,77,15,15,32,14,1,1,0
8,369,304,77,13,13,32,16,0,0,1
8,369,305,77,14,14,32,14,2,1,0
8,369,306,78,14,14,32,14,2,1,0
8,369,307,78,15,15,32,14,1,1,0
8,369,308,78,15,15,32,14,1,1,0
8,369,309,78,13,13,32,14,2,0,1
8,369,310,78,14,14,32,14,2,1,0
8,369,311,79,16,16,32,14,0,1,0
8,369,312,79,15,15,32,14,1,1,0
8,369,313,79,15,15,32,14,1,1,0
8,369,314,81,14,14,32,14,2,1,0
8,369,315,81,15,15,32,14,1,1,0
8,369,316,82,13,13,32,14,3,1,0
8,369,317,82,14,14,32,14,2,1,0
8,369,318,82,13,13,32,14,3,1,0
8,369,319,83,14,14,32,14,2,1,0
8,369,320,83,14,14,32,14,0,2,0
8,369,321,83,15,15,32,14,1,1,0
8,369,322,83,14,14,32,14,2,1,0
8,369,323,85,16,16,32,14,2,0,0
8,369,324,85,15,15,32,14,3,0,0
8,369,325,85,16,16,32,14,2,0,0
8,369,326,85,15,15,32,14,3,0,0
8,369,327,86,14,14,32,14,4,0,0
8,369,328,86,15,15,32,14,3,0,0
8,369,329,86,14,14,32,14,4,0,0
8,369,330,87,16,16,32,14,2,0,0
8,369,331,87,15,15,32,14,3,0,0
8,369,332,88,16,16,32,14,2,0,0
8,369,333,88,17,17,32,14,1,0,0
8,369,334,88,16,16,32,14,2,0,0
8,369,335,88,17,17,32,14,1,0,0
8,369,336,88,16,16,32,14,2,0,0
8,369,337,89,15,15,32,14,3,0,0
8,369,338,89,16,16,32,14,2,0,0
8,369,339,90,17,17,32,14,1,0,0
8,369,340,90,16,16,32,14,2,0,0
8,369,341,91,15,15,32,14,3,0,0
8,369,342,91,16,16,32,14,2,0,0
8,369,343,92,15,15,32,14,3,0,0
8,369,344,92,14,14,32,14,4,0,0
8,369,345,92,15,15,32,14,3,0,0
8,369,346,92,14,14,32,14,4,0,0
8,369,347,93,15,15,32,14,3,0,0
8,369,348,93,16,16,32,14,2,0,0
8,369,349,93,16,16,32,14,2,0,0
8,369,350,95,15,15,32,14,3,0,0
8,369,351,95,16,16,32,14,2,0,0
8,369,352,96,15,15,32,14,3,0,0
8,369,353,96,14,14,32,14,4,0,0
8,369,354,97,15,15,32,14,3,0,0
8,369,355,97,16,16,32,14,2,0,0
8,369,356,98,14,14,32,14,4,0,0
8,369,357,98,15,15,32,14,3,0,0
8,369,358,98,14,14,32,14,4,0,0
8,369,359,99,13,13,32,14,5,0,0
8,369,360,99,14,14,32,14,4,0,0
8,369,361,99,14,14,32,14,4,0,0
8,369,362,99,13,13,32,14,5,0,0
8,369,363,100,14,14,32,14,4,0,0
8,369,364,102,15,15,32,14,3,0,0
8,369,365,105,13,13,32,14,5,0,0
8,369,366,105,14,14,32,14,4,0,0
8,369,367,106,12,12,32,14,6,0,0
8,369,368,107,18,18,32,14,0,0,0
9,1285,0,0,13,13,36,22,1,0,0
9,1285,1,0,14,14,36,20,2,0,0
9,1285,2,0,13,13,36,20,3,0,0
9,1285,3,0,12,12,36,20,4,0,0
9,1285,4,0,13,13,36,20,3,0,0
9,1285,5,0,12,12,36,20,4,0,0
9,1285,6,0,12,12,36,20,4,0,0
9,1285,7,1,12,12,36,22,2,0,0
9,1285,8,1,13,13,36,20,3,0,0
9,1285,9,1,14,14,36,20,2,0,0
9,1285,10,1,13,13,36,20,3,0,0
9,1285,11,1,13,13,36,20,3,0,0
9,1285,12,1,12,12,36,20,4,0,0
9,1285,13,1,12,12,36,20,2,1,0
9,1285,14,1,13,13,36,22,1,0,0
9,1285,15,1,13,13,36,20,3,0,0
9,1285,16,1,14,14,36,20,2,0,0
9,1285,17,1,13,13,36,20,3,0,0
9,1285,18,2,12,12,36,20,4,0,0
9,1285,19,2,12,12,36,22,2,0,0
9,1285,20,2,14,14,36,20,2,0,0
9,1285,21,2,13,13,36,20,3,0,0
9,1285,22,2,12,12,36,20,4,0,0
9,1285,23,2,12,12,36,20,4,0,0
9,1285,24,2,13,13,36,20,1,1,0
9,1285,25,2,14,14,36,20,2,0,0
9,1285,26,2,13,13,36,20,3,0,0
9,1285,27,3,13,13,36,20,3,0,0
9,1285,28,3,14,14,36,20,2,0,0
9,1285,29,3,12,12,36,20,4,0,0
9,1285,30,4,11,11,36,22,3,0,0
9,1285,31,4,13,13,36,20,3,0,0
9,1285,32,4,11,11,36,20,5,0,0
9,1285,33,4,12,12,36,22,2,0,0
9,1285,34,4,12,12,36,20,4,0,0
9,1285,35,4,13,13,36,20,3,0,0
9,1285,36,4,12,12,36,20,2,1,0
9,1285,37,5,12,12,36,22,2,0,0
9,1285,38,5,13,13,36,20,3,0,0
9,1285,39,5,11,11,36,20,5,0,0
9,1285,40,5,13,13,36,20,3,0,0
9,1285,41,5,12,12,36,20,4,0,0
9,1285,42,6,12,12,36,22,2,0,0
9,1285,43,6,13,13,36,20,3,0,0
9,1285,44,6,12,12,36,20,4,0,0
9,1285,45,6,13,13,36,20,3,0,0
9,1285,46,8,13,13,36,20,1,1,0
9,1285,47,8,14,14,36,20,2,0,0
9,1285,48,8,14,14,36,20,2,0,0
9,1285,49,8,13,13,36,20,3,0,0
9,1285,50,9,13,13,36,20,3,0,0
9,1285,51,9,15,15,36,20,1,0,0
9,1285,52,9,14,14,36,20,0,1,0
9,1285,53,9,14,14,36,20,2,0,0
9,1285,54,10,13,13,36,20,3,0,0
9,1285,55,10,14,14,36,20,2,0,0
9,1285,56,11,14,14,36,18,2,1,0
9,1285,57,11,14,14,36,18,2,1,0
9,1285,58,11,15,15,36,18,1,1,0
9,1285,59,11,14,14,36,18,2,1,0
9,1285,60,11,13,13,36,18,3,1,0
9,1285,61,11,13,13,36,18,3,1,0
9,1285,62,11,14,14,36,18,2,1,0
9,1285,63,11,13,13,36,18,3,1,0
9,1285,64,11,14,14,36,18,2,1,0
9,1285,65,11,15,15,36,18,1,1,0
9,1285,66,11,14,14,36,18,2,1,0
9,1285,67,12,15,15,36,18,3,0,0
9,1285,68,12,16,16,36,18,2,0,0
9,1285,69,12,15,15,36,18,3,0,0
9,1285,70,12,14,14,36,18,4,0,0
9,1285,71,12,14,14,36,18,4,0,0
9,1285,72,12,14,14,36,18,4,0,0
9,1285,73,12,15,15,36,18,3,0,0
9,1285,74,12,14,14,36,18,4,0,0
9,1285,75,12,15,15,36,18,3,0,0
9,1285,76,12,16,16,36,18,2,0,0
9,1285,77,12,15,15,36,18,3,0,0
9,1285,78,13,13,13,36,20,3,0,0
9,1285,79,13,14,14,36,18,4,0,0
9,1285,80,13,15,15,36,18,3,0,0
9,1285,81,13,13,13,36,18,3,1,0
9,1285,82,13,14,14,36,18,4,0,0
9,1285,83,13,13,13,36,18,5,0,0
9,1285,84,13,14,14,36,18,4,0,0
9,1285,85,13,15,15,36,18,3,0,0
9,1285,86,13,14,14,36,18,4,0,0
9,1285,87,14,12,12,36,20,4,0,0
9,1285,88,14,14,14,36,18,4,0,0
9,1285,89,14,13,13,36,18,5,0,0
9,1285,90,14,12,12,36,18,4,1,0
9,1285,91,14,13,13,36,18,5,0,0
9,1285,92,14,14,14,36,18,4,0,0
9,1285,93,14,13,13,36,18,5,0,0
9,1285,94,15,12,12,36,20,4,0,0
9,1285,95,15,14,14,36,18,4,0,0
9,1285,96,15,13,13,36,18,5,0,0
9,1285,97,15,13,13,36,18,5,0,0
9,1285,98,15,14,14,36,18,4,0,0
9,1285,99,15,13,13,36,18,3,1,0
9,1285,100,16,14,14,36,20,2,0,0
9,1285,101,16,15,15,36,18,3,0,0
9,1285,102,16,14,14,36,18,2,1,0
9,1285,103,16,13,13,36,18,5,0,0
9,1285,104,16,15,15,36,18,3,0,0
9,1285,105,16,14,14,36,18,4,0,0
9,1285,106,17,13,13,36,20,3,0,0
9,1285,107,17,14,14,36,18,4,0,0
9,1285,108,17,13,13,36,18,5,0,0
9,1285,109,18,14,14,36,18,2,1,0
9,1285,110,18,15,15,36,18,3,0,0
9,1285,111,18,14,14,36,18,4,0,0
9,1285,112,20,14,14,36,18,4,0,0
9,1285,113,20,15,15,36,18,3,0,0
9,1285,114,21,12,12,36,20,4,0,0
9,1285,115,21,12,12,36,20,4,0,0
9,1285,116,21,12,12,36,20,4,0,0
9,1285,117,21,12,12,36,20,4,0,0
9,1285,118,21,12,12,36,20,4,0,0
9,1285,119,21,12,12,36,20,2,1,0
9,1285,120,22,14,14,36,18,4,0,0
9,1285,121,22,13,13,36,18,5,0,0
9,1285,122,22,13,13,36,18,5,0,0
9,1285,123,22,13,13,36,18,5,0,0
9,1285,124,22,12,12,36,18,4,1,0
9,1285,125,22,13,13,36,18,5,0,0
9,1285,126,22,13,13,36,18,5,0,0
9,1285,127,23,14,14,36,18,2,1,0
9,1285,128,23,14,14,36,18,4,0,0
9,1285,129,23,15,15,36,18,3,0,0
9,1285,130,23,14,14,36,18,4,0,0
9,1285,131,23,13,13,36,18,3,1,0
9,1285,132,23,14,14,36,18,4,0,0
9,1285,133,23,14,14,36,18,4,0,0
9,1285,134,24,13,13,36,20,3,0,0
9,1285,135,24,14,14,36,18,4,0,0
9,1285,136,24,13,13,36,18,3,1,0
9,1285,137,24,12,12,36,18,4,1,0
9,1285,138,24,13,13,36,18,5,0,0
9,1285,139,25,13,13,36,18,3,1,0
9,1285,140,25,12,12,36,18,4,1,0
9,1285,141,26,13,13,36,18,3,1,0
9,1285,142,26,14,14,36,18,4,0,0
9,1285,143,29,13,13,36,18,3,1,0
9,1285,144,29,13,13,36,18,3,1,0
9,1285,145,29,14,14,36,18,4,0,0
9,1285,146,29,13,13,36,18,5,0,0
9,1285,147,31,12,12,36,18,4,1,0
9,1285,148,31,13,13,36,18,5,0,0
9,1285,149,32,13,13,36,20,1,1,0
9,1285,150,33,13,13,36,18,3,1,0
9,1285,151,33,14,14,36,18,2,1,0
9,1285,152,33,15,15,36,18,3,0,0
9,1285,153,33,14,14,36,18,4,0,0
9,1285,154,34,13,13,36,18,3,1,0
9,1285,155,34,14,14,36,18,2,1,0
9,1285,156,35,13,13,36,20,3,0,0
9,1285,157,35,12,12,36,20,4,0,0
9,1285,158,35,12,12,36,20,2,1,0
9,1285,159,35,12,12,36,22,2,0,0
9,1285,160,35,13,13,36,20,3,0,0
9,1285,161,36,12,12,36,24,0,0,0
9,1285,162,37,14,14,36,20,2,0,0
9,1285,163,37,13,13,36,20,1,1,0
9,1285,164,38,14,14,36,18,2,1,0
9,1285,165,38,15,15,36,18,3,0,0
9,1285,166,38,14,14,36,18,4,0,0
9,1285,167,38,13,13,36,18,5,0,0
9,1285,168,38,14,14,36,18,4,0,0
9,1285,169,38,14,14,36,18,2,1,0
9,1285,170,38,14,14,36,20,2,0,0
9,1285,171,38,14,14,36,18,4,0,0
9,1285,172,38,15,15,36,18,3,0,0
9,1285,173,38,14,14,36,18,2,1,0
9,1285,174,39,13,13,36,20,3,0,0
9,1285,175,39,13,13,36,18,5,0,0
9,1285,176,39,14,14,36,18,4,0,0
9,1285,177,39,13,13,36,18,3,1,0
9,1285,178,39,13,13,36,20,3,0,0
9,1285,179,39,13,13,36,18,5,0,0
9,1285,180,39,14,14,36,18,4,0,0
9,1285,181,39,13,13,36,18,3,1,0
9,1285,182,40,13,13,36,18,3,1,0
9,1285,183,40,14,14,36,18,4,0,0
9,1285,184,40,13,13,36,18,3,1,0
9,1285,185,40,13,13,36,20,3,0,0
9,1285,186,40,13,13,36,18,5,0,0
9,1285,187,40,14,14,36,18,4,0,0
9,1285,188,40,13,13,36,18,3,1,0
9,1285,189,41,13,13,36,18,3,1,0
9,1285,190,41,14,14,36,18,2,1,0
9,1285,191,41,13,13,36,18,3,1,0
9,1285,192,41,14,14,36,18,2,1,0
9,1285,193,41,13,13,36,18,1,2,0
9,1285,194,42,13,13,36,20,1,1,0
9,1285,195,42,13,13,36,20,3,0,0
9,1285,196,43,13,13,36,18,3,1,0
9,1285,197,43,14,14,36,18,4,0,0
9,1285,198,43,14,14,36,18,4,0,0
9,1285,199,44,13,13,36,18,3,1,0
9,1285,200,44,15,15,36,18,3,0,0
9,1285,201,44,14,14,36,18,2,1,0
9,1285,202,44,14,14,36,18,4,0,0
9,1285,203,45,13,13,36,18,3,1,0
9,1285,204,45,14,14,36,18,2,1,0
9,1285,205,46,14,14,36,18,2,1,0
9,1285,206,46,14,14,36,18,2,1,0
9,1285,207,46,14,14,36,18,2,1,0
9,1285,208,46,14,14,36,18,2,1,0
9,1285,209,46,14,14,36,18,2,1,0
9,1285,210,46,14,14,36,20,0,1,0
9,1285,211,46,14,14,36,18,2,1,0
9,1285,212,46,15,15,36,18,1,1,0
9,1285,213,46,13,13,36,18,2,0,1
9,1285,214,47,15,15,36,18,3,0,0
9,1285,215,47,14,14,36,18,4,0,0
9,1285,216,47,14,14,36,18,4,0,0
9,1285,217,47,14,14,36,18,4,0,0
9,1285,218,47,14,14,36,20,2,0,0
9,1285,219,47,14,14,36,18,4,0,0
9,1285,220,47,15,15,36,18,3,0,0
9,1285,221,47,14,14,36,18,2,1,0
9,1285,222,48,15,15,36,18,3,0,0
9,1285,223,48,15,15,36,18,3,0,0
9,1285,224,48,16,16,36,18,2,0,0
9,1285,225,48,15,15,36,18,3,0,0
9,1285,226,48,15,15,36,20,1,0,0
9,1285,227,48,15,15,36,18,3,0,0
9,1285,228,48,16,16,36,18,2,0,0
9,1285,229,48,15,15,36,18,1,1,0
9,1285,230,49,15,15,36,18,3,0,0
9,1285,231,49,14,14,36,18,4,0,0
9,1285,232,49,15,15,36,18,3,0,0
9,1285,233,49,14,14,36,18,2,1,0
9,1285,234,50,14,14,36,20,0,1,0
9,1285,235,50,14,14,36,20,2,0,0
9,1285,236,51,14,14,36,18,2,1,0
9,1285,237,51,15,15,36,18,3,0,0
9,1285,238,52,14,14,36,18,2,1,0
9,1285,239,52,16,16,36,18,2,0,0
9,1285,240,52,15,15,36,18,1,1,0
9,1285,241,52,15,15,36,18,3,0,0
9,1285,242,53,14,14,36,18,2,1,0
9,1285,243,53,14,14,36,18,2,1,0
9,1285,244,55,13,13,36,18,3,1,0
9,1285,245,55,15,15,36,18,3,0,0
9,1285,246,55,14,14,36,18,2,1,0
9,1285,247,55,14,14,36,18,4,0,0
9,1285,248,56,13,13,36,18,3,1,0
9,1285,249,56,14,14,36,18,2,1,0
9,1285,250,59,13,13,36,20,1,1,0
9,1285,251,59,14,14,36,18,2,1,0
9,1285,252,59,14,14,36,18,2,1,0
9,1285,253,59,13,13,36,18,1,2,0
9,1285,254,60,14,14,36,18,2,1,0
9,1285,255,60,14,14,36,18,4,0,0
9,1285,256,60,16,16,36,18,2,0,0
9,1285,257,60,15,15,36,18,3,0,0
9,1285,258,60,15,15,36,18,3,0,0
9,1285,259,61,14,14,36,18,2,1,0
9,1285,260,61,14,14,36,18,2,1,0
9,1285,261,61,15,15,36,18,1,1,0
9,1285,262,62,14,14,36,18,4,0,0
9,1285,263,62,15,15,36,18,3,0,0
9,1285,264,63,13,13,36,18,3,1,0
9,1285,265,63,14,14,36,18,2,1,0
9,1285,266,63,13,13,36,18,3,1,0
9,1285,267,64,14,14,36,18,2,1,0
9,1285,268,64,13,13,36,18,2,0,1
9,1285,269,64,15,15,36,18,1,1,0
9,1285,270,65,12,12,36,20,4,0,0
9,1285,271,65,12,12,36,20,4,0,0
9,1285,272,65,11,11,36,20,5,0,0
9,1285,273,65,13,13,36,20,3,0,0
9,1285,274,65,12,12,36,20,4,0,0
9,1285,275,66,13,13,36,18,3,1,0
9,1285,276,66,14,14,36,18,4,0,0
9,1285,277,66,13,13,36,18,3,1,0
9,1285,278,66,14,14,36,18,4,0,0
9,1285,279,66,12,12,36,18,6,0,0
9,1285,280,66,14,14,36,18,4,0,0
9,1285,281,66,13,13,36,18,5,0,0
9,1285,282,67,13,13,36,18,3,1,0
9,1285,283,67,14,14,36,18,4,0,0
9,1285,284,67,13,13,36,18,3,1,0
9,1285,285,67,14,14,36,18,4,0,0
9,1285,286,67,13,13,36,18,5,0,0
9,1285,287,69,12,12,36,18,6,0,0
9,1285,288,69,14,14,36,18,4,0,0
9,1285,289,69,13,13,36,18,3,1,0
9,1285,290,69,13,13,36,18,5,0,0
9,1285,291,70,12,12,36,18,6,0,0
9,1285,292,70,13,13,36,18,5,0,0
9,1285,293,71,13,13,36,20,3,0,0
9,1285,294,71,14,14,36,18,4,0,0
9,1285,295,71,13,13,36,18,3,1,0
9,1285,296,71,14,14,36,18,4,0,0
9,1285,297,71,14,14,36,18,4,0,0
9,1285,298,71,13,13,36,18,5,0,0
9,1285,299,72,14,14,36,18,2,1,0
9,1285,300,72,14,14,36,18,2,1,0
9,1285,301,72,15,15,36,18,1,1,0
9,1285,302,72,14,14,36,18,2,1,0
9,1285,303,72,15,15,36,18,1,1,0
9,1285,304,72,14,14,36,18,2,1,0
9,1285,305,73,14,14,36,18,4,0,0
9,1285,306,73,15,15,36,18,3,0,0
9,1285,307,73,16,16,36,18,2,0,0
9,1285,308,73,15,15,36,18,3,0,0
9,1285,309,73,16,16,36,18,2,0,0
9,1285,310,73,15,15,36,18,3,0,0
9,1285,311,74,14,14,36,18,4,0,0
9,1285,312,74,15,15,36,18,3,0,0
9,1285,313,74,15,15,36,18,3,0,0
9,1285,314,74,14,14,36,18,4,0,0
9,1285,315,76,14,14,36,18,4,0,0
9,1285,316,76,15,15,36,18,3,0,0
9,1285,317,77,13,13,36,18,5,0,0
9,1285,318,77,14,14,36,18,4,0,0
9,1285,319,77,13,13,36,18,5,0,0
9,1285,320,77,13,13,36,18,5,0,0
9,1285,321,78,14,14,36,18,4,0,0
9,1285,322,78,15,15,36,18,3,0,0
9,1285,323,78,14,14,36,18,2,1,0
9,1285,324,78,14,14,36,18,4,0,0
9,1285,325,80,13,13,36,20,3,0,0
9,1285,326,80,14,14,36,18,4,0,0
9,1285,327,80,13,13,36,18,3,1,0
9,1285,328,80,14,14,36,18,4,0,0
9,1285,329,80,14,14,36,18,4,0,0
9,1285,330,80,13,13,36,18,5,0,0
9,1285,331,81,13,13,36,18,5,0,0
9,1285,332,81,14,14,36,18,2,1,0
9,1285,333,81,15,15,36,18,3,0,0
9,1285,334,81,14,14,36,18,4,0,0
9,1285,335,81,15,15,36,18,3,0,0
9,1285,336,81,14,14,36,18,4,0,0
9,1285,337,82,13,13,36,18,5,0,0
9,1285,338,82,14,14,36,18,4,0,0
9,1285,339,82,14,14,36,18,4,0,0
9,1285,340,82,13,13,36,18,5,0,0
9,1285,341,83,15,15,36,18,3,0,0
9,1285,342,83,14,14,36,18,2,1,0
9,1285,343,83,14,14,36,18,4,0,0
9,1285,344,85,14,14,36,18,4,0,0
9,1285,345,85,14,14,36,18,2,1,0
9,1285,346,85,15,15,36,18,3,0,0
9,1285,347,85,14,14,36,18,4,0,0
9,1285,348,85,15,15,36,18,3,0,0
9,1285,349,86,15,15,36,18,3,0,0
9,1285,350,86,16,16,36,18,2,0,0
9,1285,351,86,15,15,36,18,3,0,0
9,1285,352,86,14,14,36,18,2,1,0
9,1285,353,86,16,16,36,18,2,0,0
9,1285,354,87,14,14,36,18,2,1,0
9,1285,355,87,15,15,36,18,1,1,0
9,1285,356,87,15,15,36,18,1,1,0
9,1285,357,89,13,13,36,18,1,2,0
9,1285,358,89,13,13,36,18,3,1,0
9,1285,359,89,14,14,36,18,2,1,0
9,1285,360,89,13,13,36,18,3,1,0
9,1285,361,89,14,14,36,18,2,1,0
9,1285,362,90,14,14,36,18,2,1,0
9,1285,363,90,13,13,36,18,3,1,0
9,1285,364,90,13,13,36,18,3,1,0
9,1285,365,90,14,14,36,18,2,1,0
9,1285,366,91,14,14,36,18,4,0,0
9,1285,367,91,14,14,36,18,4,0,0
9,1285,368,91,15,15,36,18,3,0,0
9,1285,369,91,15,15,36,18,3,0,0
9,1285,370,94,14,14,36,18,2,1,0
9,1285,371,94,14,14,36,18,2,1,0
9,1285,372,94,15,15,36,18,3,0,0
9,1285,373,94,15,15,36,18,3,0,0
9,1285,374,94,14,14,36,18,2,1,0
9,1285,375,95,13,13,36,18,3,1,0
9,1285,376,95,15,15,36,18,3,0,0
9,1285,377,95,14,14,36,18,4,0,0
9,1285,378,95,14,14,36,18,2,1,0
9,1285,379,96,13,13,36,18,3,1,0
9,1285,380,96,14,14,36,18,2,1,0
9,1285,381,97,13,13,36,18,3,1,0
9,1285,382,97,14,14,36,20,0,1,0
9,1285,383,97,15,15,36,18,1,1,0
9,1285,384,97,15,15,36,18,1,1,0
9,1285,385,97,14,14,36,18,2,1,0
9,1285,386,98,14,14,36,20,2,0,0
9,1285,387,98,15,15,36,18,3,0,0
9,1285,388,98,15,15,36,18,3,0,0
9,1285,389,98,14,14,36,18,4,0,0
9,1285,390,99,15,15,36,18,3,0,0
9,1285,391,99,15,15,36,18,3,0,0
9,1285,392,99,17,17,36,18,1,0,0
9,1285,393,99,16,16,36,18,2,0,0
9,1285,394,99,16,16,36,18,2,0,0
9,1285,395,100,15,15,36,18,3,0,0
9,1285,396,100,15,15,36,18,3,0,0
9,1285,397,100,16,16,36,18,2,0,0
9,1285,398,101,15,15,36,18,3,0,0
9,1285,399,101,16,16,36,18,2,0,0
9,1285,400,102,14,14,36,18,2,1,0
9,1285,401,102,15,15,36,18,1,1,0
9,1285,402,102,14,14,36,18,2,1,0
9,1285,403,102,15,15,36,18,1,1,0
9,1285,404,103,14,14,36,18,2,1,0
9,1285,405,103,15,15,36,18,1,1,0
9,1285,406,103,14,14,36,18,2,1,0
9,1285,407,104,15,15,36,18,1,1,0
9,1285,408,104,16,16,36,18,0,1,0
9,1285,409,104,14,14,36,18,1,0,1
9,1285,410,105,14,14,36,18,4,0,0
9,1285,411,105,15,15,36,18,3,0,0
9,1285,412,105,14,14,36,18,4,0,0
9,1285,413,106,15,15,36,18,3,0,0
9,1285,414,106,15,15,36,18,1,1,0
9,1285,415,106,16,16,36,18,2,0,0
9,1285,416,107,13,13,36,20,3,0,0
9,1285,417,107,13,13,36,18,3,1,0
9,1285,418,107,14,14,36,18,4,0,0
9,1285,419,107,14,14,36,18,4,0,0
9,1285,420,108,13,13,36,18,5,0,0
9,1285,421,108,15,15,36,18,3,0,0
9,1285,422,108,14,14,36,18,2,1,0
9,1285,423,108,14,14,36,18,4,0,0
9,1285,424,109,13,13,36,18,5,0,0
9,1285,425,109,14,14,36,18,4,0,0
9,1285,426,110,14,14,36,18,2,1,0
9,1285,427,110,14,14,36,18,4,0,0
9,1285,428,110,15,15,36,18,3,0,0
9,1285,429,110,14,14,36,18,4,0,0
9,1285,430,111,14,14,36,18,2,1,0
9,1285,431,111,14,14,36,18,2,1,0
9,1285,432,111,14,14,36,18,2,1,0
9,1285,433,112,15,15,36,18,3,0,0
9,1285,434,112,15,15,36,18,3,0,0
9,1285,435,112,16,16,36,18,2,0,0
9,1285,436,113,15,15,36,16,1,2,0
9,1285,437,113,16,16,36,16,2,1,0
9,1285,438,113,15,15,36,16,3,1,0
9,1285,439,113,14,14,36,16,4,1,0
9,1285,440,113,14,14,36,16,4,1,0
9,1285,441,113,16,16,36,16,2,1,0
9,1285,442,113,14,14,36,16,4,1,0
9,1285,443,113,14,14,36,16,4,1,0
9,1285,444,113,16,16,36,16,2,1,0
9,1285,445,113,16,16,36,16,2,1,0
9,1285,446,113,15,15,36,16,3,1,0
9,1285,447,114,14,14,36,16,4,1,0
9,1285,448,114,15,15,36,16,3,1,0
9,1285,449,114,15,15,36,16,3,1,0
9,1285,450,114,13,13,36,16,3,2,0
9,1285,451,114,13,13,36,16,5,1,0
9,1285,452,114,15,15,36,16,3,1,0
9,1285,453,114,14,14,36,16,4,1,0
9,1285,454,115,14,14,36,16,4,1,0
9,1285,455,115,14,14,36,16,4,1,0
9,1285,456,115,12,12,36,16,4,2,0
9,1285,457,115,14,14,36,16,4,1,0
9,1285,458,116,14,14,36,16,3,0,1
9,1285,459,116,16,16,36,16,2,1,0
9,1285,460,116,15,15,36,16,1,2,0
9,1285,461,116,14,14,36,16,4,1,0
9,1285,462,116,15,15,36,16,3,1,0
9,1285,463,117,14,14,36,16,4,1,0
9,1285,464,118,15,15,36,16,3,1,0
9,1285,465,118,14,14,36,16,4,1,0
9,1285,466,118,14,14,36,16,4,1,0
9,1285,467,118,15,15,36,16,3,1,0
9,1285,468,118,14,14,36,16,2,2,0
9,1285,469,118,13,13,36,16,3,2,0
9,1285,470,118,15,15,36,16,3,1,0
9,1285,471,118,15,15,36,16,3,1,0
9,1285,472,118,14,14,36,16,4,1,0
9,1285,473,119,15,15,36,16,1,2,0
9,1285,474,119,15,15,36,16,3,1,0
9,1285,475,119,16,16,36,16,2,1,0
9,1285,476,119,16,16,36,16,2,1,0
9,1285,477,119,15,15,36,16,3,1,0
9,1285,478,119,14,14,36,16,2,2,0
9,1285,479,119,16,16,36,16,2,1,0
9,1285,480,119,16,16,36,16,2,1,0
9,1285,481,119,15,15,36,16,3,1,0
9,1285,482,120,14,14,36,16,4,1,0
9,1285,483,120,14,14,36,16,3,0,1
9,1285,484,120,16,16,36,16,2,1,0
9,1285,485,120,15,15,36,16,3,1,0
9,1285,486,120,15,15,36,16,3,1,0
9,1285,487,120,16,16,36,16,2,1,0
9,1285,488,120,15,15,36,16,3,1,0
9,1285,489,121,14,14,36,16,4,1,0
9,1285,490,121,15,15,36,16,3,1,0
9,1285,491,121,15,15,36,16,3,1,0
9,1285,492,121,15,15,36,16,3,1,0
9,1285,493,121,14,14,36,16,4,1,0
9,1285,494,122,14,14,36,16,2,2,0
9,1285,495,122,14,14,36,16,2,2,0
9,1285,496,123,15,15,36,16,1,2,0
9,1285,497,123,16,16,36,16,2,1,0
9,1285,498,123,14,14,36,16,3,0,1
9,1285,499,123,16,16,36,16,2,1,0
9,1285,500,123,15,15,36,16,3,1,0
9,1285,501,124,14,14,36,16,4,1,0
9,1285,502,124,16,16,36,16,2,1,0
9,1285,503,124,15,15,36,16,1,2,0
9,1285,504,124,15,15,36,16,3,1,0
9,1285,505,125,14,14,36,16,4,1,0
9,1285,506,125,15,15,36,16,3,1,0
9,1285,507,126,15,15,36,16,3,1,0
9,1285,508,126,13,13,36,16,4,0,1
9,1285,509,126,15,15,36,16,3,1,0
9,1285,510,126,13,13,36,16,5,1,0
9,1285,511,126,13,13,36,16,5,1,0
9,1285,512,126,14,14,36,16,4,1,0
9,1285,513,126,15,15,36,16,3,1,0
9,1285,514,126,14,14,36,16,4,1,0
9,1285,515,127,14,14,36,16,3,0,1
9,1285,516,127,14,14,36,16,3,0,1
9,1285,517,127,13,13,36,16,4,0,1
9,1285,518,127,14,14,36,18,1,0,1
9,1285,519,127,14,14,36,16,3,0,1
9,1285,520,127,13,13,36,16,4,0,1
9,1285,521,127,15,15,36,16,2,0,1
9,1285,522,127,14,14,36,16,3,0,1
9,1285,523,128,15,15,36,16,3,1,0
9,1285,524,128,16,16,36,16,2,1,0
9,1285,525,128,17,17,36,16,1,1,0
9,1285,526,128,16,16,36,16,2,1,0
9,1285,527,128,15,15,36,16,3,1,0
9,1285,528,128,15,15,36,16,3,1,0
9,1285,529,128,16,16,36,16,2,1,0
9,1285,530,128,17,17,36,16,1,1,0
9,1285,531,128,16,16,36,16,2,1,0
9,1285,532,129,15,15,36,16,3,1,0
9,1285,533,129,16,16,36,16,2,1,0
9,1285,534,129,14,14,36,16,4,1,0
9,1285,535,129,14,14,36,16,4,1,0
9,1285,536,129,15,15,36,16,3,1,0
9,1285,537,129,16,16,36,16,2,1,0
9,1285,538,129,15,15,36,16,3,1,0
9,1285,539,130,15,15,36,16,3,1,0
9,1285,540,130,14,14,36,16,4,1,0
9,1285,541,130,15,15,36,16,3,1,0
9,1285,542,130,14,14,36,16,2,2,0
9,1285,543,131,15,15,36,16,3,1,0
9,1285,544,131,14,14,36,16,4,1,0
9,1285,545,131,15,15,36,16,3,1,0
9,1285,546,132,15,15,36,16,1,2,0
9,1285,547,132,16,16,36,16,2,1,0
9,1285,548,132,16,16,36,16,2,1,0
9,1285,549,132,15,15,36,16,3,1,0
9,1285,550,133,15,15,36,16,3,1,0
9,1285,551,133,17,17,36,16,1,1,0
9,1285,552,133,16,16,36,16,0,2,0
9,1285,553,133,16,16,36,16,2,1,0
9,1285,554,134,15,15,36,16,3,1,0
9,1285,555,134,16,16,36,16,2,1,0
9,1285,556,135,14,14,36,16,4,1,0
9,1285,557,135,15,15,36,16,3,1,0
9,1285,558,135,14,14,36,16,4,1,0
9,1285,559,135,13,13,36,16,5,1,0
9,1285,560,135,13,13,36,16,5,1,0
9,1285,561,135,15,15,36,16,3,1,0
9,1285,562,135,15,15,36,16,3,1,0
9,1285,563,135,14,14,36,16,4,1,0
9,1285,564,136,15,15,36,16,3,1,0
9,1285,565,136,16,16,36,16,2,1,0
9,1285,566,136,15,15,36,16,1,2,0
9,1285,567,136,14,14,36,16,4,1,0
9,1285,568,136,14,14,36,16,4,1,0
9,1285,569,136,16,16,36,16,2,1,0
9,1285,570,136,16,16,36,16,2,1,0
9,1285,571,136,15,15,36,16,3,1,0
9,1285,572,137,14,14,36,16,4,1,0
9,1285,573,137,14,14,36,16,4,1,0
9,1285,574,137,14,14,36,16,4,1,0
9,1285,575,137,13,13,36,16,3,2,0
9,1285,576,138,14,14,36,16,4,1,0
9,1285,577,138,14,14,36,16,4,1,0
9,1285,578,138,14,14,36,16,4,1,0
9,1285,579,139,15,15,36,16,1,2,0
9,1285,580,139,16,16,36,16,2,1,0
9,1285,581,139,14,14,36,16,3,0,1
9,1285,582,139,16,16,36,16,2,1,0
9,1285,583,139,15,15,36,16,3,1,0
9,1285,584,140,14,14,36,16,4,1,0
9,1285,585,140,16,16,36,16,2,1,0
9,1285,586,140,15,15,36,16,1,2,0
9,1285,587,140,15,15,36,16,3,1,0
9,1285,588,141,14,14,36,16,4,1,0
9,1285,589,141,15,15,36,16,3,1,0
9,1285,590,142,14,14,36,16,2,2,0
9,1285,591,142,14,14,36,16,2,2,0
9,1285,592,142,15,15,36,16,3,1,0
9,1285,593,142,15,15,36,16,3,1,0
9,1285,594,142,15,15,36,16,3,1,0
9,1285,595,142,14,14,36,16,2,2,0
9,1285,596,143,14,14,36,16,2,2,0
9,1285,597,143,15,15,36,16,3,1,0
9,1285,598,143,13,13,36,16,4,0,1
9,1285,599,143,15,15,36,16,3,1,0
9,1285,600,144,15,15,36,16,3,1,0
9,1285,601,144,14,14,36,16,2,2,0
9,1285,602,144,14,14,36,16,4,1,0
9,1285,603,146,14,14,36,16,2,2,0
9,1285,604,146,14,14,36,16,2,2,0
9,1285,605,146,15,15,36,16,3,1,0
9,1285,606,146,15,15,36,16,3,1,0
9,1285,607,146,15,15,36,16,3,1,0
9,1285,608,147,15,15,36,16,3,1,0
9,1285,609,147,13,13,36,16,4,0,1
9,1285,610,147,15,15,36,16,3,1,0
9,1285,611,148,15,15,36,16,3,1,0
9,1285,612,148,14,14,36,16,2,2,0
9,1285,613,148,14,14,36,16,2,2,0
9,1285,614,149,14,14,36,16,1,1,1
9,1285,615,149,16,16,36,16,0,2,0
9,1285,616,149,15,15,36,16,1,2,0
9,1285,617,149,16,16,36,16,0,2,0
9,1285,618,149,15,15,36,16,1,2,0
9,1285,619,150,16,16,36,16,2,1,0
9,1285,620,150,17,17,36,16,1,1,0
9,1285,621,150,16,16,36,16,2,1,0
9,1285,622,150,17,17,36,16,1,1,0
9,1285,623,150,16,16,36,16,2,1,0
9,1285,624,151,14,14,36,16,3,0,1
9,1285,625,151,15,15,36,16,2,0,1
9,1285,626,151,14,14,36,16,3,0,1
9,1285,627,152,15,15,36,16,3,1,0
9,1285,628,152,17,17,36,16,1,1,0
9,1285,629,152,16,16,36,16,0,2,0
9,1285,630,152,16,16,36,16,2,1,0
9,1285,631,153,15,15,36,16,3,1,0
9,1285,632,153,16,16,36,16,2,1,0
9,1285,633,154,15,15,36,16,3,1,0
9,1285,634,154,15,15,36,16,3,1,0
9,1285,635,155,15,15,36,16,3,1,0
9,1285,636,155,17,17,36,16,1,1,0
9,1285,637,155,16,16,36,16,2,1,0
9,1285,638,155,16,16,36,16,2,1,0
9,1285,639,157,15,15,36,16,3,1,0
9,1285,640,157,16,16,36,16,2,1,0
9,1285,641,158,14,14,36,16,4,1,0
9,1285,642,158,15,15,36,16,3,1,0
9,1285,643,158,14,14,36,16,4,1,0
9,1285,644,159,15,15,36,16,3,1,0
9,1285,645,159,15,15,36,16,1,2,0
9,1285,646,159,16,16,36,16,2,1,0
9,1285,647,160,16,16,36,16,4,0,0
9,1285,648,160,15,15,36,16,5,0,0
9,1285,649,160,14,14,36,16,6,0,0
9,1285,650,160,16,16,36,16,4,0,0
9,1285,651,160,14,14,36,16,6,0,0
9,1285,652,161,15,15,36,16,5,0,0
9,1285,653,161,16,16,36,16,4,0,0
9,1285,654,161,16,16,36,16,4,0,0
9,1285,655,161,15,15,36,16,5,0,0
9,1285,656,161,14,14,36,16,6,0,0
9,1285,657,161,16,16,36,16,4,0,0
9,1285,658,161,16,16,36,16,4,0,0
9,1285,659,161,15,15,36,16,5,0,0
9,1285,660,162,15,15,36,16,5,0,0
9,1285,661,162,16,16,36,16,2,1,0
9,1285,662,162,17,17,36,16,3,0,0
9,1285,663,162,16,16,36,16,4,0,0
9,1285,664,162,15,15,36,16,5,0,0
9,1285,665,162,15,15,36,16,5,0,0
9,1285,666,162,15,15,36,16,5,0,0
9,1285,667,162,17,17,36,16,3,0,0
9,1285,668,162,17,17,36,16,3,0,0
9,1285,669,162,16,16,36,16,4,0,0
9,1285,670,163,15,15,36,16,5,0,0
9,1285,671,163,16,16,36,16,4,0,0
9,1285,672,163,14,14,36,16,6,0,0
9,1285,673,163,14,14,36,16,6,0,0
9,1285,674,163,14,14,36,16,6,0,0
9,1285,675,163,16,16,36,16,4,0,0
9,1285,676,163,16,16,36,16,4,0,0
9,1285,677,163,15,15,36,16,5,0,0
9,1285,678,164,15,15,36,16,5,0,0
9,1285,679,164,15,15,36,16,5,0,0
9,1285,680,164,15,15,36,16,5,0,0
9,1285,681,164,14,14,36,16,6,0,0
9,1285,682,165,15,15,36,16,5,0,0
9,1285,683,165,15,15,36,16,5,0,0
9,1285,684,165,15,15,36,16,5,0,0
9,1285,685,166,15,15,36,16,5,0,0
9,1285,686,166,15,15,36,16,5,0,0
9,1285,687,166,15,15,36,16,5,0,0
9,1285,688,167,16,16,36,16,2,1,0
9,1285,689,167,17,17,36,16,3,0,0
9,1285,690,167,16,16,36,16,2,1,0
9,1285,691,167,17,17,36,16,3,0,0
9,1285,692,167,16,16,36,16,4,0,0
9,1285,693,168,15,15,36,16,5,0,0
9,1285,694,168,17,17,36,16,3,0,0
9,1285,695,168,16,16,36,16,4,0,0
9,1285,696,169,15,15,36,16,5,0,0
9,1285,697,169,16,16,36,16,4,0,0
9,1285,698,170,16,16,36,16,4,0,0
9,1285,699,170,16,16,36,16,4,0,0
9,1285,700,170,17,17,36,16,3,0,0
9,1285,701,170,16,16,36,16,4,0,0
9,1285,702,170,15,15,36,16,5,0,0
9,1285,703,170,15,15,36,16,5,0,0
9,1285,704,170,15,15,36,16,5,0,0
9,1285,705,170,15,15,36,16,5,0,0
9,1285,706,170,17,17,36,16,3,0,0
9,1285,707,170,17,17,36,16,3,0,0
9,1285,708,170,16,16,36,16,4,0,0
9,1285,709,171,17,17,36,16,3,0,0
9,1285,710,171,18,18,36,16,2,0,0
9,1285,711,171,17,17,36,16,3,0,0
9,1285,712,171,16,16,36,16,4,0,0
9,1285,713,171,16,16,36,16,4,0,0
9,1285,714,171,16,16,36,16,4,0,0
9,1285,715,171,16,16,36,16,4,0,0
9,1285,716,171,16,16,36,16,4,0,0
9,1285,717,171,18,18,36,16,2,0,0
9,1285,718,171,18,18,36,16,2,0,0
9,1285,719,171,17,17,36,16,3,0,0
9,1285,720,172,16,16,36,16,4,0,0
9,1285,721,172,17,17,36,16,3,0,0
9,1285,722,172,17,17,36,16,3,0,0
9,1285,723,172,17,17,36,16,3,0,0
9,1285,724,172,16,16,36,16,4,0,0
9,1285,725,173,16,16,36,16,4,0,0
9,1285,726,174,16,16,36,16,4,0,0
9,1285,727,174,16,16,36,16,4,0,0
9,1285,728,174,16,16,36,16,4,0,0
9,1285,729,175,16,16,36,16,4,0,0
9,1285,730,175,16,16,36,16,4,0,0
9,1285,731,175,16,16,36,16,4,0,0
9,1285,732,176,16,16,36,16,4,0,0
9,1285,733,176,16,16,36,16,4,0,0
9,1285,734,177,17,17,36,16,1,1,0
9,1285,735,177,18,18,36,16,2,0,0
9,1285,736,177,17,17,36,16,1,1,0
9,1285,737,177,18,18,36,16,2,0,0
9,1285,738,177,17,17,36,16,3,0,0
9,1285,739,178,18,18,36,16,2,0,0
9,1285,740,178,17,17,36,16,3,0,0
9,1285,741,179,16,16,36,16,4,0,0
9,1285,742,179,17,17,36,16,3,0,0
9,1285,743,180,16,16,36,16,4,0,0
9,1285,744,180,15,15,36,16,5,0,0
9,1285,745,180,15,15,36,16,5,0,0
9,1285,746,180,16,16,36,16,4,0,0
9,1285,747,180,16,16,36,16,4,0,0
9,1285,748,180,15,15,36,16,5,0,0
9,1285,749,181,16,16,36,16,2,1,0
9,1285,750,181,16,16,36,16,4,0,0
9,1285,751,181,17,17,36,16,3,0,0
9,1285,752,181,17,17,36,16,3,0,0
9,1285,753,181,17,17,36,16,3,0,0
9,1285,754,181,16,16,36,16,4,0,0
9,1285,755,182,16,16,36,16,2,1,0
9,1285,756,182,17,17,36,16,3,0,0
9,1285,757,182,16,16,36,16,2,1,0
9,1285,758,182,17,17,36,16,3,0,0
9,1285,759,182,16,16,36,16,4,0,0
9,1285,760,183,17,17,36,16,3,0,0
9,1285,761,183,16,16,36,16,4,0,0
9,1285,762,184,15,15,36,16,5,0,0
9,1285,763,184,16,16,36,16,4,0,0
9,1285,764,185,15,15,36,16,3,1,0
9,1285,765,185,15,15,36,16,3,1,0
9,1285,766,185,16,16,36,16,4,0,0
9,1285,767,185,16,16,36,16,4,0,0
9,1285,768,186,15,15,36,16,3,1,0
9,1285,769,186,15,15,36,16,3,1,0
9,1285,770,186,16,16,36,16,4,0,0
9,1285,771,186,16,16,36,16,4,0,0
9,1285,772,186,16,16,36,16,4,0,0
9,1285,773,187,15,15,36,16,3,1,0
9,1285,774,187,16,16,36,16,4,0,0
9,1285,775,187,15,15,36,16,3,1,0
9,1285,776,189,16,16,36,16,4,0,0
9,1285,777,189,16,16,36,16,4,0,0
9,1285,778,189,16,16,36,16,4,0,0
9,1285,779,190,16,16,36,16,4,0,0
9,1285,780,191,16,16,36,16,0,2,0
9,1285,781,191,17,17,36,16,1,1,0
9,1285,782,191,16,16,36,16,2,1,0
9,1285,783,191,17,17,36,16,1,1,0
9,1285,784,191,16,16,36,16,2,1,0
9,1285,785,192,17,17,36,16,3,0,0
9,1285,786,192,18,18,36,16,2,0,0
9,1285,787,192,17,17,36,16,3,0,0
9,1285,788,192,18,18,36,16,2,0,0
9,1285,789,192,17,17,36,16,3,0,0
9,1285,790,193,16,16,36,16,2,1,0
9,1285,791,193,16,16,36,16,2,1,0
9,1285,792,193,17,17,36,16,1,1,0
9,1285,793,193,16,16,36,16,2,1,0
9,1285,794,194,18,18,36,16,2,0,0
9,1285,795,194,17,17,36,16,3,0,0
9,1285,796,195,16,16,36,16,4,0,0
9,1285,797,195,17,17,36,16,3,0,0
9,1285,798,197,16,16,36,16,4,0,0
9,1285,799,197,17,17,36,16,3,0,0
9,1285,800,198,15,15,36,16,5,0,0
9,1285,801,198,16,16,36,16,4,0,0
9,1285,802,198,15,15,36,16,5,0,0
9,1285,803,199,16,16,36,16,4,0,0
9,1285,804,199,16,16,36,16,2,1,0
9,1285,805,199,17,17,36,16,3,0,0
9,1285,806,200,15,15,36,16,3,1,0
9,1285,807,200,16,16,36,16,4,0,0
9,1285,808,200,15,15,36,16,5,0,0
9,1285,809,200,14,14,36,16,6,0,0
9,1285,810,200,15,15,36,16,5,0,0
9,1285,811,200,16,16,36,16,4,0,0
9,1285,812,200,16,16,36,16,4,0,0
9,1285,813,200,15,15,36,16,5,0,0
9,1285,814,201,14,14,36,16,6,0,0
9,1285,815,201,15,15,36,16,5,0,0
9,1285,816,201,15,15,36,16,5,0,0
9,1285,817,201,15,15,36,16,5,0,0
9,1285,818,201,14,14,36,16,6,0,0
9,1285,819,202,14,14,36,16,4,1,0
9,1285,820,202,15,15,36,16,5,0,0
9,1285,821,202,15,15,36,16,5,0,0
9,1285,822,202,15,15,36,16,5,0,0
9,1285,823,202,14,14,36,16,6,0,0
9,1285,824,203,15,15,36,16,3,1,0
9,1285,825,203,16,16,36,16,4,0,0
9,1285,826,203,15,15,36,16,3,1,0
9,1285,827,203,16,16,36,16,4,0,0
9,1285,828,203,15,15,36,16,5,0,0
9,1285,829,204,15,15,36,16,5,0,0
9,1285,830,205,14,14,36,16,6,0,0
9,1285,831,205,15,15,36,16,5,0,0
9,1285,832,206,15,15,36,16,3,1,0
9,1285,833,206,15,15,36,16,3,1,0
9,1285,834,206,15,15,36,16,3,1,0
9,1285,835,206,16,16,36,16,2,1,0
9,1285,836,206,16,16,36,16,2,1,0
9,1285,837,206,15,15,36,16,3,1,0
9,1285,838,207,16,16,36,16,4,0,0
9,1285,839,207,15,15,36,16,5,0,0
9,1285,840,207,15,15,36,16,5,0,0
9,1285,841,207,16,16,36,16,4,0,0
9,1285,842,207,16,16,36,16,4,0,0
9,1285,843,207,15,15,36,16,5,0,0
9,1285,844,208,16,16,36,16,4,0,0
9,1285,845,208,16,16,36,16,4,0,0
9,1285,846,208,17,17,36,16,3,0,0
9,1285,847,208,17,17,36,16,3,0,0
9,1285,848,208,17,17,36,16,3,0,0
9,1285,849,208,16,16,36,16,4,0,0
9,1285,850,209,16,16,36,16,2,1,0
9,1285,851,209,17,17,36,16,3,0,0
9,1285,852,209,16,16,36,16,2,1,0
9,1285,853,209,17,17,36,16,3,0,0
9,1285,854,209,16,16,36,16,4,0,0
9,1285,855,210,16,16,36,16,4,0,0
9,1285,856,211,15,15,36,16,5,0,0
9,1285,857,211,16,16,36,16,4,0,0
9,1285,858,212,15,15,36,16,1,2,0
9,1285,859,212,16,16,36,16,2,1,0
9,1285,860,212,15,15,36,16,3,1,0
9,1285,861,212,16,16,36,16,2,1,0
9,1285,862,212,15,15,36,16,3,1,0
9,1285,863,213,16,16,36,16,4,0,0
9,1285,864,213,17,17,36,16,3,0,0
9,1285,865,213,16,16,36,16,4,0,0
9,1285,866,213,17,17,36,16,3,0,0
9,1285,867,213,16,16,36,16,4,0,0
9,1285,868,214,15,15,36,16,3,1,0
9,1285,869,214,15,15,36,16,3,1,0
9,1285,870,214,16,16,36,16,2,1,0
9,1285,871,214,15,15,36,16,3,1,0
9,1285,872,215,16,16,36,16,4,0,0
9,1285,873,216,15,15,36,16,5,0,0
9,1285,874,216,16,16,36,16,4,0,0
9,1285,875,218,14,14,36,16,6,0,0
9,1285,876,218,15,15,36,16,5,0,0
9,1285,877,218,14,14,36,16,6,0,0
9,1285,878,219,15,15,36,16,5,0,0
9,1285,879,219,15,15,36,16,3,1,0
9,1285,880,219,16,16,36,16,4,0,0
9,1285,881,220,14,14,36,16,2,2,0
9,1285,882,220,14,14,36,16,4,1,0
9,1285,883,220,14,14,36,16,4,1,0
9,1285,884,220,15,15,36,16,3,1,0
9,1285,885,221,15,15,36,16,3,1,0
9,1285,886,221,14,14,36,16,4,1,0
9,1285,887,221,15,15,36,16,3,1,0
9,1285,888,222,15,15,36,16,5,0,0
9,1285,889,222,15,15,36,16,5,0,0
9,1285,890,222,16,16,36,16,4,0,0
9,1285,891,222,16,16,36,16,4,0,0
9,1285,892,224,16,16,36,16,4,0,0
9,1285,893,225,15,15,36,16,1,2,0
9,1285,894,225,15,15,36,16,1,2,0
9,1285,895,225,16,16,36,16,0,2,0
9,1285,896,225,15,15,36,16,1,2,0
9,1285,897,225,16,16,36,16,0,2,0
9,1285,898,225,15,15,36,16,1,2,0
9,1285,899,226,16,16,36,16,2,1,0
9,1285,900,226,16,16,36,16,2,1,0
9,1285,901,227,15,15,36,16,3,1,0
9,1285,902,227,16,16,36,16,2,1,0
9,1285,903,227,16,16,36,16,2,1,0
9,1285,904,227,15,15,36,16,3,1,0
9,1285,905,228,15,15,36,16,3,1,0
9,1285,906,228,17,17,36,16,1,1,0
9,1285,907,228,16,16,36,16,2,1,0
9,1285,908,228,15,15,36,16,2,0,1
9,1285,909,229,15,15,36,16,3,1,0
9,1285,910,229,16,16,36,16,2,1,0
9,1285,911,230,16,16,36,16,4,0,0
9,1285,912,230,17,17,36,16,3,0,0
9,1285,913,230,16,16,36,16,4,0,0
9,1285,914,230,17,17,36,16,3,0,0
9,1285,915,230,16,16,36,16,4,0,0
9,1285,916,231,17,17,36,16,3,0,0
9,1285,917,231,18,18,36,16,2,0,0
9,1285,918,231,17,17,36,16,3,0,0
9,1285,919,231,18,18,36,16,2,0,0
9,1285,920,231,17,17,36,16,3,0,0
9,1285,921,232,16,16,36,16,4,0,0
9,1285,922,232,17,17,36,16,3,0,0
9,1285,923,232,16,16,36,16,4,0,0
9,1285,924,234,16,16,36,16,4,0,0
9,1285,925,234,17,17,36,16,3,0,0
9,1285,926,235,14,14,36,16,4,1,0
9,1285,927,235,16,16,36,16,2,1,0
9,1285,928,235,15,15,36,16,3,1,0
9,1285,929,235,15,15,36,16,3,1,0
9,1285,930,236,15,15,36,16,3,1,0
9,1285,931,236,16,16,36,16,2,1,0
9,1285,932,236,15,15,36,16,3,1,0
9,1285,933,237,15,15,36,16,3,1,0
9,1285,934,237,16,16,36,16,2,1,0
9,1285,935,238,15,15,36,16,5,0,0
9,1285,936,238,16,16,36,16,4,0,0
9,1285,937,238,15,15,36,16,5,0,0
9,1285,938,239,16,16,36,16,4,0,0
9,1285,939,239,16,16,36,16,2,1,0
9,1285,940,239,17,17,36,16,3,0,0
9,1285,941,240,14,14,36,16,4,1,0
9,1285,942,240,15,15,36,16,5,0,0
9,1285,943,240,15,15,36,16,5,0,0
9,1285,944,241,14,14,36,16,6,0,0
9,1285,945,241,16,16,36,16,4,0,0
9,1285,946,241,15,15,36,16,3,1,0
9,1285,947,241,15,15,36,16,5,0,0
9,1285,948,242,14,14,36,16,6,0,0
9,1285,949,242,15,15,36,16,5,0,0
9,1285,950,243,15,15,36,16,3,1,0
9,1285,951,243,16,16,36,16,4,0,0
9,1285,952,243,15,15,36,16,5,0,0
9,1285,953,244,15,15,36,16,3,1,0
9,1285,954,244,15,15,36,16,3,1,0
9,1285,955,245,16,16,36,16,4,0,0
9,1285,956,245,16,16,36,16,4,0,0
9,1285,957,245,17,17,36,16,3,0,0
9,1285,958,246,14,14,36,16,4,1,0
9,1285,959,246,15,15,36,16,3,1,0
9,1285,960,246,14,14,36,16,4,1,0
9,1285,961,246,13,13,36,16,5,1,0
9,1285,962,246,14,14,36,16,4,1,0
9,1285,963,246,15,15,36,16,3,1,0
9,1285,964,246,14,14,36,16,2,2,0
9,1285,965,247,15,15,36,16,5,0,0
9,1285,966,247,16,16,36,16,4,0,0
9,1285,967,247,15,15,36,16,5,0,0
9,1285,968,247,15,15,36,16,5,0,0
9,1285,969,247,16,16,36,16,4,0,0
9,1285,970,247,15,15,36,16,3,1,0
9,1285,971,248,14,14,36,16,6,0,0
9,1285,972,248,15,15,36,16,5,0,0
9,1285,973,248,14,14,36,16,4,1,0
9,1285,974,248,15,15,36,16,5,0,0
9,1285,975,248,14,14,36,16,4,1,0
9,1285,976,249,14,14,36,16,6,0,0
9,1285,977,250,14,14,36,16,4,1,0
9,1285,978,250,15,15,36,16,5,0,0
9,1285,979,250,14,14,36,16,4,1,0
9,1285,980,251,15,15,36,16,3,1,0
9,1285,981,251,16,16,36,16,4,0,0
9,1285,982,251,15,15,36,16,3,1,0
9,1285,983,251,15,15,36,16,3,1,0
9,1285,984,252,14,14,36,16,4,1,0
9,1285,985,252,15,15,36,16,3,1,0
9,1285,986,253,14,14,36,16,6,0,0
9,1285,987,253,13,13,36,16,7,0,0
9,1285,988,253,13,13,36,16,7,0,0
9,1285,989,253,14,14,36,16,6,0,0
9,1285,990,253,13,13,36,16,5,1,0
9,1285,991,254,14,14,36,16,4,1,0
9,1285,992,254,14,14,36,16,6,0,0
9,1285,993,254,15,15,36,16,5,0,0
9,1285,994,254,15,15,36,16,5,0,0
9,1285,995,254,14,14,36,16,4,1,0
9,1285,996,255,14,14,36,16,4,1,0
9,1285,997,255,15,15,36,16,5,0,0
9,1285,998,255,14,14,36,16,4,1,0
9,1285,999,255,14,14,36,16,4,1,0
9,1285,1000,256,13,13,36,16,5,1,0
9,1285,1001,256,14,14,36,16,4,1,0
9,1285,1002,257,13,13,36,16,5,1,0
9,1285,1003,257,13,13,36,16,5,1,0
9,1285,1004,257,12,12,36,16,5,0,1
9,1285,1005,258,14,14,36,16,2,2,0
9,1285,1006,258,14,14,36,16,2,2,0
9,1285,1007,258,15,15,36,16,3,1,0
9,1285,1008,258,14,14,36,16,4,1,0
9,1285,1009,259,15,15,36,16,5,0,0
9,1285,1010,259,16,16,36,16,4,0,0
9,1285,1011,259,15,15,36,16,5,0,0
9,1285,1012,259,15,15,36,16,3,1,0
9,1285,1013,260,14,14,36,16,4,1,0
9,1285,1014,260,15,15,36,16,3,1,0
9,1285,1015,260,14,14,36,16,2,2,0
9,1285,1016,261,14,14,36,16,4,1,0
9,1285,1017,261,15,15,36,16,3,1,0
9,1285,1018,263,14,14,36,16,4,1,0
9,1285,1019,263,13,13,36,16,4,0,1
9,1285,1020,263,15,15,36,16,3,1,0
9,1285,1021,264,14,14,36,16,4,1,0
9,1285,1022,264,14,14,36,16,4,1,0
9,1285,1023,264,15,15,36,16,3,1,0
9,1285,1024,264,13,13,36,16,4,0,1
9,1285,1025,265,13,13,36,16,5,1,0
9,1285,1026,265,15,15,36,16,3,1,0
9,1285,1027,265,15,15,36,16,3,1,0
9,1285,1028,265,13,13,36,18,2,0,1
9,1285,1029,265,14,14,36,16,4,1,0
9,1285,1030,266,14,14,36,16,4,1,0
9,1285,1031,266,15,15,36,16,3,1,0
9,1285,1032,266,15,15,36,16,3,1,0
9,1285,1033,266,13,13,36,16,4,0,1
9,1285,1034,267,15,15,36,16,1,2,0
9,1285,1035,267,16,16,36,16,2,1,0
9,1285,1036,267,15,15,36,16,1,2,0
9,1285,1037,267,14,14,36,16,3,0,1
9,1285,1038,269,15,15,36,16,3,1,0
9,1285,1039,269,16,16,36,16,4,0,0
9,1285,1040,269,15,15,36,16,5,0,0
9,1285,1041,269,14,14,36,16,6,0,0
9,1285,1042,269,16,16,36,16,4,0,0
9,1285,1043,269,15,15,36,16,3,1,0
9,1285,1044,270,14,14,36,16,6,0,0
9,1285,1045,270,15,15,36,16,5,0,0
9,1285,1046,270,15,15,36,16,5,0,0
9,1285,1047,270,14,14,36,16,4,1,0
9,1285,1048,271,15,15,36,16,3,1,0
9,1285,1049,271,16,16,36,16,4,0,0
9,1285,1050,271,15,15,36,16,3,1,0
9,1285,1051,271,15,15,36,16,3,1,0
9,1285,1052,272,14,14,36,16,4,1,0
9,1285,1053,273,15,15,36,16,5,0,0
9,1285,1054,273,16,16,36,16,4,0,0
9,1285,1055,273,15,15,36,16,5,0,0
9,1285,1056,273,16,16,36,16,4,0,0
9,1285,1057,273,15,15,36,16,3,1,0
9,1285,1058,274,16,16,36,16,4,0,0
9,1285,1059,274,15,15,36,16,5,0,0
9,1285,1060,274,16,16,36,16,4,0,0
9,1285,1061,274,15,15,36,16,3,1,0
9,1285,1062,275,16,16,36,16,4,0,0
9,1285,1063,275,16,16,36,16,4,0,0
9,1285,1064,275,17,17,36,16,3,0,0
9,1285,1065,275,17,17,36,16,3,0,0
9,1285,1066,275,16,16,36,16,2,1,0
9,1285,1067,276,16,16,36,16,2,1,0
9,1285,1068,276,17,17,36,16,3,0,0
9,1285,1069,276,16,16,36,16,2,1,0
9,1285,1070,276,16,16,36,16,2,1,0
9,1285,1071,277,15,15,36,16,3,1,0
9,1285,1072,278,15,15,36,16,1,2,0
9,1285,1073,278,15,15,36,16,1,2,0
9,1285,1074,278,16,16,36,16,2,1,0
9,1285,1075,278,15,15,36,16,3,1,0
9,1285,1076,279,16,16,36,16,4,0,0
9,1285,1077,279,17,17,36,16,3,0,0
9,1285,1078,279,16,16,36,16,4,0,0
9,1285,1079,279,16,16,36,16,2,1,0
9,1285,1080,280,15,15,36,16,3,1,0
9,1285,1081,280,16,16,36,16,2,1,0
9,1285,1082,280,15,15,36,16,1,2,0
9,1285,1083,281,15,15,36,16,3,1,0
9,1285,1084,283,14,14,36,16,2,2,0
9,1285,1085,283,14,14,36,16,0,3,0
9,1285,1086,283,14,14,36,16,2,2,0
9,1285,1087,284,15,15,36,16,1,2,0
9,1285,1088,284,14,14,36,16,2,2,0
9,1285,1089,285,16,16,36,16,2,1,0
9,1285,1090,285,15,15,36,16,3,1,0
9,1285,1091,285,14,14,36,16,3,0,1
9,1285,1092,286,14,14,36,16,4,1,0
9,1285,1093,286,15,15,36,16,3,1,0
9,1285,1094,287,15,15,36,16,5,0,0
9,1285,1095,287,15,15,36,16,3,1,0
9,1285,1096,287,16,16,36,16,4,0,0
9,1285,1097,287,15,15,36,16,5,0,0
9,1285,1098,288,16,16,36,16,4,0,0
9,1285,1099,288,17,17,36,16,3,0,0
9,1285,1100,288,16,16,36,16,4,0,0
9,1285,1101,288,16,16,36,16,2,1,0
9,1285,1102,289,15,15,36,16,5,0,0
9,1285,1103,289,16,16,36,16,4,0,0
9,1285,1104,291,15,15,36,16,3,1,0
9,1285,1105,291,14,14,36,16,4,1,0
9,1285,1106,292,15,15,36,16,3,1,0
9,1285,1107,292,16,16,36,16,2,1,0
9,1285,1108,292,14,14,36,16,3,0,1
9,1285,1109,293,17,17,36,16,1,1,0
9,1285,1110,293,16,16,36,16,2,1,0
9,1285,1111,293,16,16,36,16,2,1,0
9,1285,1112,294,14,14,36,16,3,0,1
9,1285,1113,294,15,15,36,16,3,1,0
9,1285,1114,294,16,16,36,16,2,1,0
9,1285,1115,295,14,14,36,16,3,0,1
9,1285,1116,296,15,15,36,16,3,1,0
9,1285,1117,296,14,14,36,16,4,1,0
9,1285,1118,297,15,15,36,16,3,1,0
9,1285,1119,297,16,16,36,16,2,1,0
9,1285,1120,297,15,15,36,16,1,2,0
9,1285,1121,299,17,17,36,16,3,0,0
9,1285,1122,299,16,16,36,16,4,0,0
9,1285,1123,299,16,16,36,16,2,1,0
9,1285,1124,300,15,15,36,16,5,0,0
9,1285,1125,300,16,16,36,16,4,0,0
9,1285,1126,301,16,16,36,16,4,0,0
9,1285,1127,301,17,17,36,16,3,0,0
9,1285,1128,301,16,16,36,16,4,0,0
9,1285,1129,302,17,17,36,16,3,0,0
9,1285,1130,302,18,18,36,16,2,0,0
9,1285,1131,303,16,16,36,16,2,1,0
9,1285,1132,303,16,16,36,16,2,1,0
9,1285,1133,303,17,17,36,16,1,1,0
9,1285,1134,303,15,15,36,16,1,2,0
9,1285,1135,303,16,16,36,16,2,1,0
9,1285,1136,305,15,15,36,16,3,1,0
9,1285,1137,305,16,16,36,16,2,1,0
9,1285,1138,305,15,15,36,16,3,1,0
9,1285,1139,306,16,16,36,16,2,1,0
9,1285,1140,306,14,14,36,16,1,1,1
9,1285,1141,306,15,15,36,16,3,1,0
9,1285,1142,306,16,16,36,16,2,1,0
9,1285,1143,306,15,15,36,16,3,1,0
9,1285,1144,307,16,16,36,16,2,1,0
9,1285,1145,307,17,17,36,16,1,1,0
9,1285,1146,307,16,16,36,16,0,2,0
9,1285,1147,307,17,17,36,16,1,1,0
9,1285,1148,307,15,15,36,16,2,0,1
9,1285,1149,307,16,16,36,16,2,1,0
9,1285,1150,308,17,17,36,16,1,1,0
9,1285,1151,308,16,16,36,16,2,1,0
9,1285,1152,308,16,16,36,16,2,1,0
9,1285,1153,309,14,14,36,16,3,0,1
9,1285,1154,310,15,15,36,16,3,1,0
9,1285,1155,310,16,16,36,16,2,1,0
9,1285,1156,311,18,18,36,16,0,1,0
9,1285,1157,311,17,17,36,16,1,1,0
9,1285,1158,311,17,17,36,16,1,1,0
9,1285,1159,312,16,16,36,16,2,1,0
9,1285,1160,312,16,16,36,16,2,1,0
9,1285,1161,313,16,16,36,16,2,1,0
9,1285,1162,313,17,17,36,16,1,1,0
9,1285,1163,314,16,16,36,16,2,1,0
9,1285,1164,314,15,15,36,16,3,1,0
9,1285,1165,315,16,16,36,16,2,1,0
9,1285,1166,315,16,16,36,16,0,2,0
9,1285,1167,315,17,17,36,16,1,1,0
9,1285,1168,316,14,14,36,16,4,1,0
9,1285,1169,316,15,15,36,16,3,1,0
9,1285,1170,316,15,15,36,16,3,1,0
9,1285,1171,316,14,14,36,16,4,1,0
9,1285,1172,317,16,16,36,16,2,1,0
9,1285,1173,317,15,15,36,16,1,2,0
9,1285,1174,317,15,15,36,16,3,1,0
9,1285,1175,318,14,14,36,16,4,1,0
9,1285,1176,318,15,15,36,16,3,1,0
9,1285,1177,319,15,15,36,16,3,1,0
9,1285,1178,319,16,16,36,16,2,1,0
9,1285,1179,319,15,15,36,16,3,1,0
9,1285,1180,320,15,15,36,16,1,2,0
9,1285,1181,321,16,16,36,16,2,1,0
9,1285,1182,321,16,16,36,16,2,1,0
9,1285,1183,321,17,17,36,16,1,1,0
9,1285,1184,321,16,16,36,16,2,1,0
9,1285,1185,322,16,16,36,16,2,1,0
9,1285,1186,323,18,18,36,16,2,0,0
9,1285,1187,323,17,17,36,16,3,0,0
9,1285,1188,324,16,16,36,16,4,0,0
9,1285,1189,324,17,17,36,16,3,0,0
9,1285,1190,324,17,17,36,16,3,0,0
9,1285,1191,324,16,16,36,16,4,0,0
9,1285,1192,325,18,18,36,16,2,0,0
9,1285,1193,325,17,17,36,16,3,0,0
9,1285,1194,325,17,17,36,16,3,0,0
9,1285,1195,326,16,16,36,16,4,0,0
9,1285,1196,326,17,17,36,16,3,0,0
9,1285,1197,327,15,15,36,16,5,0,0
9,1285,1198,327,16,16,36,16,4,0,0
9,1285,1199,327,15,15,36,16,5,0,0
9,1285,1200,328,16,16,36,16,4,0,0
9,1285,1201,328,17,17,36,16,3,0,0
9,1285,1202,328,16,16,36,16,4,0,0
9,1285,1203,330,18,18,36,16,2,0,0
9,1285,1204,330,17,17,36,16,3,0,0
9,1285,1205,330,18,18,36,16,2,0,0
9,1285,1206,330,17,17,36,16,3,0,0
9,1285,1207,331,16,16,36,16,4,0,0
9,1285,1208,331,17,17,36,16,3,0,0
9,1285,1209,331,16,16,36,16,4,0,0
9,1285,1210,332,18,18,36,16,2,0,0
9,1285,1211,332,17,17,36,16,3,0,0
9,1285,1212,333,18,18,36,16,2,0,0
9,1285,1213,333,19,19,36,16,1,0,0
9,1285,1214,333,18,18,36,16,2,0,0
9,1285,1215,333,19,19,36,16,1,0,0
9,1285,1216,333,18,18,36,16,2,0,0
9,1285,1217,334,17,17,36,16,3,0,0
9,1285,1218,334,18,18,36,16,2,0,0
9,1285,1219,335,19,19,36,16,1,0,0
9,1285,1220,335,18,18,36,16,2,0,0
9,1285,1221,336,17,17,36,16,3,0,0
9,1285,1222,336,18,18,36,16,2,0,0
9,1285,1223,337,17,17,36,16,3,0,0
9,1285,1224,337,16,16,36,16,4,0,0
9,1285,1225,337,17,17,36,16,3,0,0
9,1285,1226,337,16,16,36,16,4,0,0
9,1285,1227,338,17,17,36,16,3,0,0
9,1285,1228,338,18,18,36,16,2,0,0
9,1285,1229,338,18,18,36,16,2,0,0
9,1285,1230,339,19,19,36,16,1,0,0
9,1285,1231,339,18,18,36,16,2,0,0
9,1285,1232,340,17,17,36,16,3,0,0
9,1285,1233,340,18,18,36,16,2,0,0
9,1285,1234,341,17,17,36,16,3,0,0
9,1285,1235,341,16,16,36,16,4,0,0
9,1285,1236,342,17,17,36,16,3,0,0
9,1285,1237,342,18,18,36,16,2,0,0
9,1285,1238,343,17,17,36,16,3,0,0
9,1285,1239,343,16,16,36,16,4,0,0
9,1285,1240,343,17,17,36,16,3,0,0
9,1285,1241,343,16,16,36,16,4,0,0
9,1285,1242,344,15,15,36,16,5,0,0
9,1285,1243,344,16,16,36,16,4,0,0
9,1285,1244,344,16,16,36,16,4,0,0
9,1285,1245,344,15,15,36,16,5,0,0
9,1285,1246,345,17,17,36,16,3,0,0
9,1285,1247,345,16,16,36,16,4,0,0
9,1285,1248,347,17,17,36,16,3,0,0
9,1285,1249,347,16,16,36,16,4,0,0
9,1285,1250,347,17,17,36,16,3,0,0
9,1285,1251,348,17,17,36,16,3,0,0
9,1285,1252,348,18,18,36,16,2,0,0
9,1285,1253,350,17,17,36,16,3,0,0
9,1285,1254,350,16,16,36,16,4,0,0
9,1285,1255,351,17,17,36,16,3,0,0
9,1285,1256,351,18,18,36,16,2,0,0
9,1285,1257,352,17,17,36,16,3,0,0
9,1285,1258,352,16,16,36,16,4,0,0
9,1285,1259,353,15,15,36,16,5,0,0
9,1285,1260,353,16,16,36,16,4,0,0
9,1285,1261,354,17,17,36,16,3,0,0
9,1285,1262,354,16,16,36,16,4,0,0
9,1285,1263,356,15,15,36,16,5,0,0
9,1285,1264,356,16,16,36,16,4,0,0
9,1285,1265,357,16,16,36,16,4,0,0
9,1285,1266,358,15,15,36,16,5,0,0
9,1285,1267,358,16,16,36,16,4,0,0
9,1285,1268,359,15,15,36,16,5,0,0
9,1285,1269,359,14,14,36,16,6,0,0
9,1285,1270,359,15,15,36,16,5,0,0
9,1285,1271,359,14,14,36,16,6,0,0
9,1285,1272,360,15,15,36,16,5,0,0
9,1285,1273,360,16,16,36,16,4,0,0
9,1285,1274,360,15,15,36,16,5,0,0
9,1285,1275,361,15,15,36,16,5,0,0
9,1285,1276,362,14,14,36,16,6,0,0
9,1285,1277,363,15,15,36,16,5,0,0
9,1285,1278,363,16,16,36,16,4,0,0
9,1285,1279,364,16,16,36,16,4,0,0
9,1285,1280,364,17,17,36,16,3,0,0
9,1285,1281,365,15,15,36,16,5,0,0
9,1285,1282,365,14,14,36,16,6,0,0
9,1285,1283,367,13,13,36,16,7,0,0
9,1285,1284,368,20,20,36,16,0,0,0
